"创作者","场景数"
"一个ren","284"
"高桥千凛","254"
"小桃","151"
"猫猫碎冰冰","119"
"是皂皂呀","111"
"MyElla","103"
"不燃ごみ太郎","98"
"ROSEWU","84"
"Haadxee","76"
"饭饭吖","75"
"柔姐好揉","72"
"RecklessDome","72"
"singahye","72"
"Timepasserby","71"
"跳跳羊","70"
"楠里xiaosibao","62"
"PastaPaprika","49"
"大叔 chf3_prob4","43"
"白袜袜格罗丫","43"
"小林酱","38"
"91大屌哥","37"
"Svj798ds","27"
"lananlanan","24"
"芋泥很忙","19"
"フリム","18"
"LovELolita","15"
"桉X","15"
"皮皮娘","13"
"古河君","9"
"胖爷","7"
"哆米","7"
"小千","7"
"幺妈","6"
"小芽芽不乖","6"
"锅锅酱","3"
"山楂树萝莉","3"
"アトリエこぶ","3"
"粉色情人","3"
"uu_oui","2"
"Tame凛","2"
"wink是可爱的wink","2"
"小敏儿","2"
"不吃榴莲","2"
"aybao52","2"
"SexytoBaby","1"
"米胡桃","1"
"Cola酱","1"
"cici","1"
"兔酱是个甜妹","1"
"梅麻呂3D","1"
"十三幺","1"
"山城恋","1"
"小欣奈","1"
"ドールハウス","1"
"喵喵酱","1"
"喵叽小糯","1"
"meiridasai5868","1"
"魅语","1"
"ぬるぬる坊主","0"
"Ash艾希","0"
