"标签","场景数"
"真人","2142"
"横屏","1342"
"竖屏","1209"
"1080P","1102"
"短片-2分内","1072"
"720P","1019"
"中片-10分内","808"
"长片-30分内","623"
"3D动画","409"
"OnlyFans","357"
"高帧率","285"
"混合集","270"
"日系同人","222"
"游戏同人","209"
"低画质","208"
"身份待确认","180"
"欧美","175"
"足交","167"
"洛丽塔","164"
"调教","157"
"NTR绿帽","145"
"多女出镜","140"
"男主频道","140"
"2K","116"
"丝袜","115"
"4K","111"
"X推特","106"
"白丝","92"
"母子设定","85"
"黑丝","85"
"射精特写","78"
"VIP付费","76"
"秘书OL","75"
"人妻","73"
"Fansly","72"
"91社区","63"
"口交","62"
"3P多人","62"
"后入","56"
"自慰","53"
"姐弟","50"
"女友","49"
"剧情演绎","49"
"JK制服","48"
"超长片-30分上","48"
"高跟鞋","43"
"角色扮演","39"
"女上位","34"
"内射","32"
"AI修复","31"
"线下约拍","30"
"强制剧情","29"
"内衣情趣","25"
"肉丝","24"
"旗袍汉服","23"
"白虎","23"
"手交","22"
"潮吹","21"
"师生","21"
"淫语ASMR","19"
"定制","19"
"Telegram","18"
"中文字幕","17"
"婚纱","14"
"女仆","14"
"双马尾","14"
"抖音快手","13"
"酒店","13"
"教师","12"
"肛交","12"
"户外露出","11"
"素股隔丝","10"
"爆乳","9"
"足部射精","9"
"屁眼","8"
"同事上司","8"
"POV第一视角","8"
"动漫同人","7"
"露脸","7"
"深喉","6"
"捆绑","6"
"厨房客厅","6"
"颜射","6"
"多机位","5"
"AI去码","5"
"60fps","5"
"偷拍视角","5"
"护士","4"
"兔女郎","4"
"办公室","3"
"浴室","3"
"口爆","3"
"肛塞","3"
"皮衣皮裙","2"
"毒龙","2"
"内嵌字幕","2"
"车内","2"
"教室学校","2"
"外挂字幕","2"
"瑜伽裤","1"
"泳装","1"
"口罩遮脸","1"
"双洞齐插","1"
"传教士","1"
"片尾广告","0"
