"目录","视频数"
"91大屌哥","37"
"桉X合集","13"
"白袜袜格罗丫","43"
"不燃ごみ太郎","98"
"大叔 chf3_prob4","43"
"哆米 Dolmi24","6"
"饭饭吖","75"
"高桥千凛","254"
"合集-洛丽塔 多创作者","162"
"合集-足交 多创作者","108"
"猫猫碎冰冰 & 趣趣","119"
"梅麻呂3D Umemaro 3D","1"
"楠里xiaosibao","62"
"柔姐好揉","72"
"是皂皂呀","111"
"跳跳羊","70"
"小林酱","38"
"小千 Qian0791","7"
"小桃 shixiaotaone","151"
"一个ren yigeren33","284"
"芋泥很忙","19"
"Haadxee","76"
"lananlanan","22"
"MyElla","103"
"PastaPaprika","49"
"RecklessDome","72"
"ROSEWU","84"
"singahye","72"
"Svj798ds","28"
"Timepasserby","71"
"xa","79"
"アトリエこぶ Atelier KOB","3"
"ドールハウス Dollhouse","1"
"ぬるぬる坊主 Nurunuru Bouzu","101"
"フリム 動画置場","18"
